sku,image,small_image,thumbnail
#1,1-1.jpg,1-1.jpg,1-1.jpg
#10,10-1.jpg,10-1.jpg,10-1.jpg
#11,11-1.jpg,11-1.jpg,11-1.jpg
#15,15-1.jpg,15-1.jpg,15-1.jpg
#16,16-1.jpg,16-1.jpg,16-1.jpg
#17,17-1.jpg,17-1.jpg,17-1.jpg
#19,19-1.jpg,19-1.jpg,19-1.jpg
#2,2-1.jpg,2-1.jpg,2-1.jpg
#20,20-1.jpg,20-1.jpg,20-1.jpg
#21,21-1.jpg,21-1.jpg,21-1.jpg
#22,22-1.jpg,22-1.jpg,22-1.jpg
#23,23-1.jpg,23-1.jpg,23-1.jpg
#24,24-1.jpg,24-1.jpg,24-1.jpg
#25,25-1.jpg,25-1.jpg,25-1.jpg
#26,26-1.jpg,26-1.jpg,26-1.jpg
#27,27-1.jpg,27-1.jpg,27-1.jpg
#28,28-1.jpg,28-1.jpg,28-1.jpg
#29,29-1.jpg,29-1.jpg,29-1.jpg
#3,3-1.jpg,3-1.jpg,3-1.jpg
#31,31-1.jpg,31-1.jpg,31-1.jpg
#32,32-1.jpg,32-1.jpg,32-1.jpg
#33,33-1.jpg,33-1.jpg,33-1.jpg
#34,34-1.jpg,34-1.jpg,34-1.jpg
#35,35-1.jpg,35-1.jpg,35-1.jpg
#36,36-1.jpg,36-1.jpg,36-1.jpg
#37,37-1.jpg,37-1.jpg,37-1.jpg
#38,38_1_1.jpg,38_1_1.jpg,38_1_1.jpg
#39,39-1.jpg,39-1.jpg,39-1.jpg
#4,4-1.jpg,4-1.jpg,4-1.jpg
#40,40-1.jpg,40-1.jpg,40-1.jpg
#41,41-1.jpg,41-1.jpg,41-1.jpg
#42,42-1.jpg,42-1.jpg,42-1.jpg
#43,43-1.jpg,43-1.jpg,43-1.jpg
#44,44-1.jpg,44-1.jpg,44-1.jpg
#45,45-1.jpg,45-1.jpg,45-1.jpg
#46,46-1.jpg,46-1.jpg,46-1.jpg
#47,47-1.jpg,47-1.jpg,47-1.jpg
#48,48-1.jpg,48-1.jpg,48-1.jpg
#49,49.jpg,49.jpg,49.jpg
#5,5-1.jpg,5-1.jpg,5-1.jpg
#50,50-1.jpg,50-1.jpg,50-1.jpg
#51,51-1.jpg,51-1.jpg,51-1.jpg
#53,53-1.jpg,53-1.jpg,53-1.jpg
#54,54-1.jpg,54-1.jpg,54-1.jpg
#55,55-1.jpg,55-1.jpg,55-1.jpg
#56,56.jpg,56.jpg,56.jpg
#57,57-1.jpg,57-1.jpg,57-1.jpg
#59,59-1.jpg,59-1.jpg,59-1.jpg
#60,60-1.jpg,60-1.jpg,60-1.jpg
#61,61-1.jpg,61-1.jpg,61-1.jpg
#62,62-1.jpg,62-1.jpg,62-1.jpg
#64,64-1_1.jpg,64-1_1.jpg,64-1_1.jpg
#65,65-1.jpg,65-1.jpg,65-1.jpg
#66,66-1.jpg,66-1.jpg,66-1.jpg
#68,68-1.jpg,68-1.jpg,68-1.jpg
#69,69-1.jpg,69-1.jpg,69-1.jpg
#7,7-1.jpg,7-1.jpg,7-1.jpg
#70,70-1.jpg,70-1.jpg,70-1.jpg
#71,71-1.jpg,71-1.jpg,71-1.jpg
#72,72-1.jpg,72-1.jpg,72-1.jpg
#75,75-1.jpg,75-1.jpg,75-1.jpg
#78,78.jpg,78.jpg,78.jpg
#79,79-1.jpg,79-1.jpg,79-1.jpg
#8,8-1.jpg,8-1.jpg,8-1.jpg
#80,80-1.jpg,80-1.jpg,80-1.jpg
#81,81-1.jpg,81-1.jpg,81-1.jpg
#82,82-1.jpg,82-1.jpg,82-1.jpg
#9,9-1.jpg,9-1.jpg,9-1.jpg
